review_text,label,rating,review_length,exclamation_count,caps_ratio,label_description
The headphones are decent for the price. Sound quality is good but not exceptional. The bass could be stronger.,0,5,111,0,0.02702702702702703,Real
Purchased this product last month. Works as expected. Shipping was fast. Would recommend to others.,0,3,99,0,0.04040404040404041,Real
Good value for money. The material feels solid and the design is nice. Minor issues with the packaging.,0,3,103,0,0.02912621359223301,Real
I've been using this for 3 weeks now. Overall satisfied with the purchase. Customer service was helpful when I had questions.,0,5,125,0,0.032,Real
The product arrived on time and in good condition. It works well but the instructions could be clearer.,0,4,103,0,0.019417475728155338,Real
Nice product but a bit overpriced in my opinion. The quality is good though. Took some time to figure out how to use it.,0,3,120,0,0.025,Real
Works fine for my needs. The size is perfect for my small apartment. Would buy again if needed.,0,3,95,0,0.031578947368421054,Real
Good build quality. Easy to set up. The color is exactly as shown in the pictures. Recommend this seller.,0,3,105,0,0.0380952380952381,Real
The product does what it's supposed to do. Nothing fancy but gets the job done. Fair price point.,0,5,97,0,0.030927835051546393,Real
Happy with my purchase. The delivery was quick and the item was well packaged. Works as advertised.,0,3,99,0,0.030303030303030304,Real
Solid product. Good customer service when I had a question about installation. Would purchase from this seller again.,0,5,117,0,0.03418803418803419,Real
The quality exceeded my expectations for this price range. Minor cosmetic defects but doesn't affect functionality.,0,5,115,0,0.017391304347826087,Real
This works well for what I needed it for. The setup was straightforward. Good value overall.,0,5,92,0,0.043478260869565216,Real
Decent product but nothing extraordinary. It serves its purpose well. The manual could be more detailed.,0,3,104,0,0.028846153846153848,Real
Good quality item. Arrived quickly and was packaged well. Works exactly as described in the listing.,0,5,100,0,0.03,Real
I'm satisfied with this purchase. The product is well-made and functions properly. Would recommend to friends.,0,4,110,0,0.02727272727272727,Real
The item is as described. Good communication from the seller. Shipping was faster than expected.,0,3,96,0,0.03125,Real
This product has been working well for me. Good build quality and reasonable price. No complaints so far.,0,3,105,0,0.02857142857142857,Real
Nice design and good functionality. The price is fair for what you get. Would consider buying again.,0,3,100,0,0.03,Real
Overall happy with this purchase. The product works as intended and arrived in perfect condition.,0,3,97,0,0.020618556701030927,Real
OMG this is the BEST product ever! I bought 5 of them and they're all perfect! Amazing quality and super fast shipping!,1,5,119,3,0.07563025210084033,Fake
Absolutely incredible! This product changed my life! Everyone should buy this immediately! Perfect in every way!,1,5,112,4,0.03571428571428571,Fake
"WOW! This is exactly what I was looking for! Perfect quality, perfect price, perfect everything! 11/10 would recommend!",1,5,119,4,0.05042016806722689,Fake
AMAZING product! I love it so much! Best purchase ever! The seller is fantastic and shipping was lightning fast!,1,5,112,4,0.08928571428571429,Fake
This product is absolutely perfect! No flaws whatsoever! I'm buying 10 more right now! Best seller ever!,1,5,104,4,0.038461538461538464,Fake
Outstanding quality! This exceeded all my expectations! Perfect in every single way! Must buy for everyone!,1,5,107,4,0.037383177570093455,Fake
Incredible product! Works perfectly! Amazing seller! Fast shipping! Perfect packaging! Could not be happier!,1,5,108,6,0.05555555555555555,Fake
PERFECT! PERFECT! PERFECT! This is the best product I have ever purchased! Amazing quality and super fast delivery!,1,5,115,5,0.20869565217391303,Fake
This product is absolutely fantastic! Works flawlessly! Great seller! Super fast shipping! Highly recommended!,1,5,110,5,0.045454545454545456,Fake
Amazing product! Perfect quality! Great price! Fast shipping! Excellent seller! Everyone needs to buy this!,1,5,107,6,0.056074766355140186,Fake
Best product ever made! Perfect in every way! Amazing seller! Lightning fast shipping! 100% satisfied!,1,5,102,5,0.0392156862745098,Fake
Absolutely love this product! Perfect quality! Great value! Fast delivery! Excellent customer service!,1,5,102,5,0.049019607843137254,Fake
This is the most amazing product! Works perfectly! Great seller! Super fast shipping! Highly recommend!,1,5,103,5,0.04854368932038835,Fake
Perfect product! Amazing quality! Great price! Fast shipping! Excellent seller! Everyone should buy this!,1,5,105,6,0.05714285714285714,Fake
Outstanding product! Works flawlessly! Perfect packaging! Fast delivery! Great seller! Highly recommended!,1,5,106,6,0.05660377358490566,Fake
This product is incredible! Perfect in every way! Amazing seller! Super fast shipping! Must buy!,1,5,96,5,0.052083333333333336,Fake
Best purchase ever! Perfect quality! Great price! Fast shipping! Excellent seller! Highly recommend!,1,5,100,6,0.06,Fake
Amazing product! Works perfectly! Great value! Fast delivery! Perfect seller! Everyone needs this!,1,5,98,6,0.061224489795918366,Fake
Perfect product! Outstanding quality! Great price! Super fast shipping! Amazing seller! Must have!,1,5,98,6,0.061224489795918366,Fake
This is absolutely perfect! Amazing quality! Great seller! Lightning fast delivery! Highly recommended!,1,5,103,5,0.04854368932038835,Fake
